beta,alphamax,alphamin,V0s,V0r,T0s,T0r,RE
0.3769521735715625,14.276158112036054,4.266836681223131,0.08521580111361202,0.12106298046780871,2441013.925684127,1473.3646871778908,14.615568870314048
0.32202090755717594,5.710429402042259,3.8485443422685774,0.09769779461356205,0.1509889109683307,885528.5941316802,383.15626828208246,14.076091089354055
0.3842007406486607,17.63805449528456,4.130444664677772,0.08923534984127117,0.139289075513836,3442600.365008147,738.4245445703989,14.169163284126114
0.32134531671793964,9.697370003190052,3.849386088099436,0.10927457913633204,0.1306679959858134,432226.1417761057,478.89782632452614,14.424121445534052
0.34347324935669094,12.75521142946999,3.899227164383425,0.08693016524312888,0.16198511901891272,2286551.836166781,289.7803998002045,12.84113376018561
0.312664211755251,14.387443871283944,3.851101806303477,0.09030578009812895,0.14166608672448955,2022394.0956621664,392.149284792172,14.223796083399629
0.3662154085868701,5.482880785581658,4.257794476599605,0.09251406941550293,0.1390164646559962,1614743.8163120677,384.57802893490316,14.524827411104162
0.36801921035870067,11.710042687303053,4.089124122759259,0.09722290269931616,0.18467704464653867,822339.8350699906,187.2360146634398,12.460886499704314
0.38377236977648044,7.200832048731855,4.032424093565301,0.11971449548663443,0.18905511419543586,192991.59393983192,196.116236770011,13.305069697221459
0.3837349981692615,10.462947880673399,4.475714456553182,0.17879737849723004,0.11957188844836644,26267.20677752065,956.1245765959617,14.056588106006524
0.32166272567701637,6.121501430951374,3.6325291080389315,0.16116750604747554,0.14192697476861926,54613.06148990969,510.7560609444518,14.948887237720506
0.37131535341264876,8.713134724441844,4.064552175268806,0.08350497503268654,0.12296203873510726,3111642.0235224743,1200.8356783435647,13.179572909635153
0.3146721289368875,14.099362595949307,3.8656630441803506,0.08300565520153515,0.1966256785613575,1909707.942037085,114.51736506293622,14.785401603948413
0.3838035525321143,14.980068814815215,4.125671654975664,0.11555577353244459,0.1428119736059528,314102.07107580855,650.9151426448705,13.010232868249869
0.36150620526529315,10.950387126256606,4.183607334856345,0.0820411005806533,0.12490358593134357,3323311.8972874116,650.9147136597838,14.103060724757427
0.37515035438501754,7.9442026459292725,3.9506568717151613,0.08553231368863591,0.1318907489868076,1932086.132843662,671.9824336885323,13.892356274213098
0.38113322418410955,12.465445979822405,4.196703081249379,0.08817539469997578,0.1245172312358306,3124446.1502056625,1538.0455078058803,14.999379790988291
0.35716690862361555,16.11668487527659,4.363907420176174,0.08392030088206578,0.14529548851167562,3388547.559635485,361.78554779241836,14.610371024090245
0.36022091752872476,13.319366279183201,3.954719351982514,0.08185410038804786,0.1278341544075837,3742017.6149487877,714.3058774294184,13.842949261708338
0.3259302013226182,11.054225750440818,4.070711672632658,0.08745907685816762,0.17735241082183717,1882774.7242612976,165.7337444746819,13.450128407129663
0.36723672971214316,12.485083704305197,3.9151010756468905,0.08486519906142945,0.13349516093448588,2188549.747598798,729.1862011268626,13.680568146599096
0.34386319353884676,10.373995645987481,3.722324345933785,0.12506156832500878,0.13593454293577673,221926.30424593613,709.7502349356732,14.915380375711177
0.3674730019726725,15.934868377643372,3.9252671840985554,0.0893109560851773,0.12361104446537678,2999092.143573811,1255.0178227245246,14.765305357411021
0.3690937466471699,8.731259634823783,3.8632837058129503,0.08359696129088244,0.15536258736496492,2879541.4236273146,360.9917327558952,13.055651378688156
0.38377607121239676,18.088040596307373,3.994634928394819,0.09538993140966895,0.13820839965636553,1247952.421128643,753.7112164659288,13.538909612058905
0.3734707308570472,4.851846266093506,4.102996260811114,0.08726241445122392,0.14365762642579913,2275871.529539009,617.7072368838636,13.557533559580019
0.3657846506892816,16.970912898978,4.014437983772133,0.18561075293266938,0.1971861771243405,35826.61306585173,162.33803833032073,14.745068602670647
0.37804370775210605,6.109216206901765,4.283599597292157,0.08436427424028667,0.14089348130909662,3304451.3070060546,550.2952630507224,12.437349039431012
0.36385447415621364,9.678512568940093,4.173445135084707,0.10166835977364799,0.1358015614202837,645258.2146690051,306.0580203317124,14.67228069109863
0.37159928230156075,5.316867734756344,3.77431298033896,0.10480473705714614,0.15977172258640931,389181.57221498346,313.63006124866797,13.547711209795466
0.3329561942089281,5.345733080354401,3.681270386918239,0.10446597575944608,0.17715430231124263,434720.40718159574,178.48373094965552,12.93397785893086
0.3745707049393024,13.016129819477563,4.1634643923649435,0.08850012916784766,0.1375048302516968,1551452.2728851342,458.40890639656914,13.333706457837716
0.3617067540815191,12.661977048450536,3.9670839727005367,0.09267334203584575,0.12509007715869006,1993155.57301889,955.232270754515,14.3271772101204
0.34775623548953283,5.595028165900313,3.9476968807606103,0.08701087219712571,0.16551236870763092,1610758.7600914605,192.3896229198463,13.244379309038584
0.3406270820369566,5.3727185225392,3.7933465019421666,0.08404706222176891,0.16430543335003195,3889078.99879715,300.3484480776708,13.917903498110432
0.3811694348799126,13.545058049273731,4.3699278489156015,0.08886447766438207,0.1302693655564519,1489144.9324804721,432.2700191257321,14.988879587675564
0.3799297656364823,10.16452478988025,4.0900596777628415,0.08931892216889228,0.13121512391412826,3328908.7254152833,1059.9994713738843,14.682181452888532
0.3764579361909902,5.553524980692632,3.858776324225982,0.08499282157505764,0.14329428486734647,2962601.466893488,554.8459927317482,14.067631798044342
0.3360062599314103,11.724691295105087,4.118038203964725,0.08182059317102296,0.1292772562734592,3219389.5390671594,663.6239170021013,14.93082764390516
0.3526557456164328,16.503206257553035,4.0225556038739745,0.08195759281464557,0.18127969895189777,3785608.1386631867,172.42813588519834,11.728352034746052
0.3666374466790815,7.603432181115156,4.068856708121301,0.08875705324121601,0.12799816787228116,1743355.0634891938,589.2286092253216,13.834423227757087
0.3416518762778503,12.972152818934854,3.8606236227968984,0.08481600957058967,0.12563511803725613,3923253.372840412,810.9551602363538,14.518285548265926
0.29180707938999195,4.4554148987023865,3.589014947005637,0.08506384326910377,0.19182322260921436,2739432.2335188766,138.53716306400736,14.468520060572244
0.3334885258061825,8.346916894602273,3.901805811601252,0.08947929842870597,0.1399823807940555,1759921.5012224854,354.3302009866961,13.956179994822953
0.35541781109773424,14.988255468001908,4.0320879498367495,0.0904871083135608,0.13658530727683957,1267065.0206008335,604.5082724660784,13.518246101099628
0.3609238196170119,9.692308751221603,4.086901088677889,0.13826594587677493,0.13951669057690236,58422.15024534167,498.34263202696764,14.391883006693456
0.35019091016716974,16.641879640230712,3.8221277894409726,0.22452010778241155,0.12916842623241537,15092.881901738217,636.6571053813249,14.56274889878678
0.2929234417117023,16.817469417896014,3.740221164280249,0.0893268722281413,0.19511360370842856,2511487.450575104,120.94315132763329,13.847799430363398
0.3770609646410331,19.043022026367765,4.228875218394054,0.09595869572116947,0.1203989562573395,1680956.6599639487,1080.6784100066668,14.676738602172598
0.38098629595447303,5.007254987377607,4.279785770839081,0.08591369102957006,0.13888641483164393,3673589.0502896947,713.9058677232457,13.619818968500724
0.3844781724249003,14.324598595413484,4.4043990601555585,0.08520081404136512,0.12268573659852076,2795558.185498477,1201.2968814805286,13.677383676328791
0.34198509721828685,19.360298450967722,4.07091297067568,0.0862979508067897,0.12421861542217379,2847545.131945564,652.5655546111534,14.542279479202401
0.3255420757050297,6.642812159650241,3.9938485356897897,0.10083318527977589,0.14747675512242864,757328.4140303115,282.8573784135717,13.987090513368113
0.34402855640246155,15.94000565862122,3.8399077874888343,0.09279631562808821,0.1404793990954776,1033256.087130192,538.7584429189629,14.503489466549501
0.34198570711807796,19.76019506013329,3.984635335472822,0.22015744093294098,0.18562315396262313,16915.476266965492,181.93230382958012,12.897267075753735
0.3582500638774327,6.095836958671075,4.226808591662157,0.08875404066834996,0.12108381868476306,3029660.062471699,972.5828334094194,14.965058854298505
0.3667483907617326,13.355176497502065,4.313412696907157,0.08989326000418654,0.130335605726007,2516671.6855705846,700.0199055822027,14.358773035100091
0.3470495629897627,8.307834104164971,3.789208845431248,0.0905932939646316,0.17396062733790804,841045.7492790952,166.70217648333437,14.950801768113728
0.3488705827000904,5.86199595952125,3.907014749409325,0.08094976701316295,0.15565568063530544,3241025.824652925,343.1959693584736,13.256500138033296
0.37333582096362694,12.140124059776738,3.830485225844175,0.08532067291670314,0.13327606535478415,2744830.329764872,740.5042936796947,14.534516447648217
0.34985710564717704,13.830737633582247,3.968242719213401,0.08841142807044843,0.19162991751696923,2559716.101206732,134.693523530613,12.966094370999402
0.3744994091421501,19.388650161915013,4.114540207483891,0.1625188956248654,0.16003454685461638,71811.93405442647,360.06164467385867,14.143479557054402
0.36754518361488686,10.106919442631032,4.339814059361907,0.0964187423402738,0.12552472960108435,736585.7638906294,909.4050970371846,14.566670007064113
0.37201047552007804,12.709206721881682,3.7264754046533666,0.0823787598920876,0.17908846703889908,3635438.966701401,240.08771335710549,14.800093077339064
0.2760903041890746,6.986215476365632,3.7462314960014083,0.08717103274093732,0.18374561910161746,1843201.2945079526,115.31330180220228,14.75184949382296
0.3847803782443036,10.492776360660232,4.296789866881685,0.08347674834748087,0.1437684772262618,2556105.7621770073,397.5567696207147,13.26760981096106
0.3019448547550631,9.812577500159165,3.6316421043878675,0.08640952293389631,0.16024542104386952,2422542.467377854,238.45689408314266,14.071014055365351
0.3818085476228946,4.98785797112015,4.248787716669902,0.08087307420622174,0.16920384067486766,3272971.1433766577,248.1341464465617,12.143868423606829
0.3719249988372503,17.958946566588555,4.2183360330535375,0.0940515216146441,0.12526667046794587,886987.7049280097,537.2691529075028,14.563174785692318
0.32705666395592714,6.271228531293823,3.914655476735816,0.0895320798336359,0.1910196504613575,1489532.1417437172,90.30659032820276,14.078833465551378
0.3404174732422845,10.986598415635667,4.0481578056652285,0.08068895024383484,0.1726420972010376,2099304.522563234,174.78090170524703,14.489430247825462
0.37247362477754015,17.97494030386276,4.179960876424343,0.10061863465790441,0.13012526458355989,1251145.427076376,1002.1232554667587,14.231364940534014
0.3792253117084431,11.772541558152504,4.055028520549415,0.08663780492313386,0.12037543161444984,2085997.5176982195,715.9354938837454,14.972023708684482
0.3761556172195662,9.875123607834524,4.370472533309199,0.09540192394808558,0.18000188459020594,540554.1191365806,145.11415337378222,14.582762502598902
0.361852796867235,15.238942602247398,4.093782689088861,0.08448010288497183,0.19171749280417522,2355883.4842895693,128.3936112340794,12.212823352347034
0.33500223218436476,6.249289389792823,3.6385742790922153,0.12530742573663706,0.13463169712146644,157618.65448860687,660.8131735055168,14.512754288838508
0.34874645824197814,11.164908759147313,3.7255951479415392,0.08395863171308993,0.12942130380498879,2692270.4104417316,856.0715495719328,14.98738531043118
0.3717630771032406,12.730919452859988,3.888599561209227,0.17555426238341112,0.1399673472097059,28241.300732471118,474.2643785416177,12.919591694985261
0.30189524309455895,14.625481435823202,4.003141402823763,0.09284921626480583,0.1969329738829217,1136985.515466446,97.51879505287334,14.282521992261579
0.31753914772431113,4.999617793015259,3.742739018530256,0.21713399310008807,0.13354683463007638,11258.779529074362,312.07815232518436,14.069346129903003
0.32069500466696016,7.298987511515497,3.910355800883986,0.10799653745680593,0.13623341137681516,586569.3536190861,497.00750499108375,14.437066378688183
0.3546989128777578,10.393548139152855,3.881598841058925,0.16922836573627167,0.11395822444301014,29204.382416721026,1221.2511553030652,13.620659074938247
0.38151797758452094,12.122606665801362,4.0659369551442675,0.09310274490742074,0.14268338811644182,1552941.2910675113,391.4635367338967,14.840552747843779
0.3773890623553964,15.185816916167038,4.063705035950776,0.08582624752393947,0.13300732975230783,2690071.7214621096,848.4066086472122,13.145606214696523
0.37135842225892346,11.015018341333757,3.867487127907799,0.08845230989270006,0.16278659383351385,1245672.673569973,308.5098627047393,14.06129275990847
0.38421629936616286,13.154438908792972,4.376948702874797,0.10185745996365955,0.142234711494811,558891.9789321416,267.5738403373444,14.963945169332368
0.3192960071515185,16.856427152225606,3.8780436496440642,0.10799855276607397,0.1412266087153133,584821.4718910541,491.1248598736336,14.515847540387782
0.3205734551006636,12.317099244131898,4.042377422677988,0.09057475561527836,0.16158604218063757,2486520.332743974,239.92523466111544,14.239905271311454
0.3107456066312939,6.662783174686823,3.71465034535972,0.14057291885463213,0.12656592869475256,87645.44407346346,548.6668443192336,14.722426828786503
0.37225126350564275,12.312314940071655,4.004521140395093,0.08714712858548182,0.12010161433059831,1961425.2418905727,1594.1742615442095,14.565362629170666
0.3406804165721947,8.6185406856145,4.099097285213295,0.08525731760487218,0.12753733633709247,3683523.806672954,692.9078674950634,14.382868004039647
0.3724300053431674,6.891882442752301,4.250316641390716,0.08508537355899594,0.13426985115196988,1564629.6003320697,616.6614802243294,13.990743788525947
0.36159052649297874,9.424506927172853,4.186827655754057,0.15226323888451027,0.12270414571433866,51934.553749127226,701.7649975908164,13.068512626263772
0.3700735117448501,11.214242342349763,3.964072191904097,0.16028461585259401,0.11889156426952623,54396.39647623262,1762.2235808180144,13.929166667209486
0.38397779015443434,6.4605109650202905,4.0958810929058815,0.08186986393946982,0.13848280426191312,2526641.740567333,488.2034143231717,13.739415483258927
0.35925674186679146,15.82309334158984,4.052786709621893,0.08829879586384386,0.13516463761375483,2294527.8660040773,626.34322050021,12.8132253543035
0.36554486868021097,10.901903747891263,4.270802361798225,0.12413549157467244,0.1942514218115941,148886.9101629907,107.03908281246046,12.74861391381727
0.3407823414685512,6.033583869075519,3.8564175296529664,0.0879762173127699,0.15846275687776343,1487013.7063173999,297.20655862091957,13.22536614435685
0.31943594327302394,5.38021619966263,4.071710321223304,0.08650975620958319,0.16958363279157956,2853507.628984885,177.1138488569516,13.997086414762194
0.3678648355559718,16.891623207140043,4.306837407613942,0.12036107393747478,0.1267328809133106,164685.5559987496,809.1764854516426,14.200464001972621
0.3339980949253539,4.709910581219452,4.111788635941408,0.10879510479362597,0.13538247095600897,362113.8432622072,563.4883941659501,14.113108840502642
0.32530415748593217,19.957010884217482,3.9714772635929387,0.18555002935673612,0.126185817462887,22156.47879427475,583.3730104304489,14.098646582742095
0.37736102353894163,5.25674921685027,4.079263645863254,0.10385039966110987,0.1189423922532453,826520.1784716359,1881.9956935879204,14.508728681461228
0.31185371226186576,18.01327998093216,3.816244680613119,0.09124369831845505,0.15008724315325547,1846369.9906266178,294.99367479357596,14.086277922298184
0.35919260626792915,17.889518893489438,4.154454252903378,0.10169254629917063,0.15873373639627927,757700.7070588853,363.19616975498826,14.311051345707524
0.3638602175166852,6.869348822929756,4.117957731074931,0.08683878805939435,0.13026925855429972,1890504.1670632584,618.5886374730819,13.199844735149501
0.3388803384226058,17.019670380258923,3.959151181055435,0.09915656559087778,0.1279570572721719,1005471.6645204675,661.4477760736511,14.044869006482363
0.3543574957792921,11.172108952790433,3.941705252849861,0.09858185030794031,0.18663202058403006,1235836.0395047234,195.07273265876083,14.34341804176644
0.3538059038593185,18.230733311513074,3.9965725910453487,0.13431989846705594,0.13822458544744826,107988.065271483,450.6675568818762,12.66179179837091
0.3681817451072868,18.90061986825663,3.7470134524207768,0.08991775077140261,0.16076299045623033,1325013.5492692906,313.29868576327067,14.059722608955976
0.37159405400236734,8.79680829247112,4.03350907228344,0.09929729650189771,0.12495389901547192,1000508.0775177561,1464.7573963064751,14.977141824732094
0.32670223755643557,16.421553418899656,3.7674631890070613,0.08844532414791592,0.1280646827774422,2210264.172670941,588.1429902413905,14.925068040462818
0.36837745674977046,11.799204508681639,4.1589985199090265,0.09619889750701577,0.12131029221853301,1528106.4318590749,1209.5703584740877,13.792167816916283
0.34079544167632575,17.137673938960916,3.948959801251484,0.08308543393417275,0.17790707249176002,1940367.2120427566,173.77284075451627,13.922837280280792
0.3585350609250819,4.5666866199844955,3.8700528640011878,0.08819939863397079,0.16983173363880566,2448830.14575279,218.62202053726216,14.086023921505868
0.34336981882542555,10.50605151912052,4.161234917912811,0.10198860890432096,0.15809033197424754,968842.6003599988,302.4422809534959,13.775769778906508
0.312528317296897,15.489360246883797,3.807074717548807,0.09107386421793535,0.14795242011835769,1279430.2945067838,280.909914945123,14.732984753682622
0.3793131293424856,18.652041023337404,4.231140439164804,0.09653415733202257,0.12506793352202455,706971.9857187519,975.5305797687876,13.539661542794269
0.3800437183625484,16.645518635100334,4.152569812343635,0.10009474599043908,0.16902898018617935,848398.4499606875,192.00638579021484,14.1004025645004
0.34662851211948364,19.830410874176494,3.9877693882447947,0.10287564774921427,0.12735718273598828,919906.0867729568,1005.7720917752189,14.618339130246575
0.36263008759240734,11.32430699610897,4.091103332874233,0.08754398393146474,0.13497002730976806,2278186.1221619733,776.9620901372288,13.699743853431842
0.3279392482541515,9.132762591263365,3.5427928785959333,0.08295731548180656,0.17266813428226271,3150817.049820206,217.61894423342406,14.56854567694875
0.3468053930558669,12.265012167831163,3.6559080510619206,0.19979079292864188,0.1339133346932608,18934.774059663403,631.4444800135217,14.4059500839285
0.35977903289603946,9.149418937079007,4.151412239129371,0.0860984863899742,0.14732557923916922,2810954.0522939744,238.65146064484944,14.94835570188749
0.32408738439340534,7.9145773827118635,3.6733999942593853,0.12851756398332428,0.12930737293514977,146733.83987948156,766.5519292236323,14.470769465128528
0.3658573231562096,11.554785087673288,4.181838722972882,0.08895628845991103,0.1682735642406616,1616141.1767853769,203.62121877331964,12.418186068634567
0.36947082099328804,11.858153866058728,4.01968064591827,0.08443473232406624,0.12506864845966092,2631111.9286432136,1322.7817888268712,14.979384328133008
0.3603281690558523,12.470209880440256,4.195745953540079,0.08841611344276591,0.13292841838188235,1204049.501854967,543.1619849595472,14.575837349515389
0.344634617373654,17.323171767525082,4.155195285943636,0.09006233544633499,0.16875928910554067,1285575.6065790206,202.2257650965998,13.126121535492473
0.3637641456202009,13.433207138726889,4.036745359373835,0.0858116196092889,0.16561185408254347,2433541.6444268776,216.03920858519592,12.925333071546245
0.37529943435549434,18.071818288333468,4.22248992727881,0.1800390112236429,0.11469983097796221,38437.162859333104,1014.7047261743221,14.85264250427463
0.31239006374552614,16.700319876664224,3.747130713463679,0.08662146092592457,0.15477550515214084,2592557.286242102,237.99279890066893,14.368257371029253
0.3537081274059176,13.69683036206974,3.753045536138269,0.08691875059021972,0.13294577912210392,1818515.9826823536,744.9239875269182,14.926839518316141
0.3114669366788602,8.195295858222629,3.855402750126134,0.08775347615036574,0.18965890807544938,1359583.554507839,94.74247831687397,14.606169637942324
0.37391853497773286,17.778572332157186,3.997977066684832,0.0882754171322859,0.14825368706136788,1394580.6746588743,496.20468059441293,14.401965740197651
0.3734918023774449,7.623009519442602,3.971734195753104,0.08596307313777943,0.12796138039608804,3269973.476396627,1048.7829473834206,13.755843754572831
0.37603324813314043,4.56382291269121,4.3358012511612465,0.1043200571433028,0.1263975440274137,713158.3991452263,1121.7338032037862,14.045651135257428
0.37090312161134825,14.533987931571017,4.205393627690814,0.09416036050707413,0.12936336340395516,1671817.5871136617,541.2027780128223,14.96391229610775
0.32647972635360456,18.279888365040254,4.078883909654746,0.08548329353964279,0.15057730447519302,2382085.1029936355,250.02775944035832,14.835444332493932
0.38040306471929874,10.290256743728142,3.72176992480747,0.08761448192180878,0.19392928380203361,1758525.9977030007,170.55044238161528,14.946514095926874
0.37778902369897427,12.804327609064165,4.317600644664614,0.14267074931457932,0.11974970140402962,63287.42783442477,905.114685213128,13.620095231936661
0.35940278879389553,4.12858112603501,3.933602007680408,0.1138944848296595,0.18308687412233954,451566.4751117756,195.29489041611103,14.723101339559843
0.36045403838128975,8.813901164815306,4.200151216739149,0.12403759866479344,0.1680636270470158,220792.95909495832,226.44848837685217,12.580535585960401
0.378127323420138,15.458709892471836,4.214874857492027,0.10515628246928269,0.14106332700836474,569850.845251882,629.794312708303,12.80238393372594
0.36142936256004415,15.815122842013077,4.0367270382733995,0.11641803092201923,0.1584165511461635,364493.4518440569,355.6019509831391,12.871312036159326
0.381798843059388,13.736246474313432,3.9435382004914397,0.08545003542635995,0.12579757991264648,3644245.3534823833,1127.4310063549742,14.567872360416365
0.35179985358615573,8.465275130332703,4.293424879833129,0.08957332878769174,0.1816201057697288,1964782.3729315095,165.0950238168265,13.55424674216793
0.34865828724663694,18.213560081560388,4.0628377175090975,0.10971269699644566,0.1385169378121162,240928.05414316952,428.5950940364105,14.969065307423723
0.33796174548493446,5.02703254110424,4.040298014064061,0.08428268475745467,0.16626276198392148,2551340.7118159253,198.2193851441391,12.697389742827054
0.3837606440046688,9.784249641572885,3.9360496180940947,0.1376617052435351,0.1266254966472964,109917.68700054864,1451.9720080994057,14.996676749880509
0.3211135730234661,19.306732544604248,3.7737731724345824,0.10447076329566418,0.18880802506716976,684391.2142908865,113.92288901287209,14.1131353128455
0.37403011747423254,15.298415032008375,4.200827146542488,0.10156501692176924,0.125354261342482,1147569.1434954067,1015.6997988698071,14.330283870165381
0.3453926119171787,6.485608400809184,3.7610521848812724,0.09440045923362016,0.1544245376630335,1402558.82224365,422.24870484215165,14.718838591669455
0.3387521534046984,8.840831264087274,3.8311821202936054,0.08237937777497825,0.13728146282830836,2987477.0537204356,391.5682527099987,14.57531547634067
0.36654859634094616,15.163679874941307,4.149706290232719,0.09944724206542821,0.12103376383416377,1496549.790849634,1309.2528295538687,14.882183676099896
0.37836696200243924,12.577160691309686,4.152881779171661,0.08660762238562109,0.13068944014855188,3073447.141694945,1091.2438233043097,14.299207038074588
0.3530603160563508,16.56750555626536,3.882872283894299,0.0807681250434716,0.1285418715609336,3044305.280182864,668.0467604298095,14.802831226700304
0.3417877010801834,10.28423115807626,3.8864390860142937,0.10579115869002843,0.12346559917558976,569888.1459896896,600.7468268147442,14.888588919204002
0.37213803670911794,13.836749920235034,4.043239797034081,0.0974714070338292,0.12191878378660943,1237878.0695590235,1360.803879453528,13.694044574236052
0.37855292065866697,13.171272782883857,4.024986519484852,0.09633895362301281,0.15239623863418267,1469172.589744452,490.84466013105623,13.901157019326789
0.38283876230292246,15.950017353089299,4.166795035303957,0.08611831677721926,0.13757868247475932,2022865.9781011,733.7906992873693,13.619989982953273
0.3573628913474677,13.001937626763121,4.180726053986159,0.10390091815924575,0.1839572470523545,405600.2615630476,126.32796306984051,13.067002325731945
0.3434277036015172,18.519448716962554,4.002359954336688,0.09610579755311044,0.17648062336732862,1015801.5594979979,143.47837405679206,13.14200391918335
0.36535443282998653,8.420644574867337,3.8769932260222135,0.24028084784846354,0.13226956195314898,8178.149423203208,581.6039643990555,14.475950448961678
0.38085972275992974,11.222317488211434,4.441202820694691,0.16790902774283584,0.13440426271063352,45130.70459232685,506.51793188569474,14.337823290345655
0.3471015209410945,18.71371421153439,3.879315003250275,0.09337943183018979,0.1314466304732782,1184476.9932414286,464.75511839188727,14.604523126668251
0.3492013604701687,19.89910118563542,3.6795746543296053,0.08205945484862293,0.15667756023788695,3602627.3649770296,348.8417280012978,14.545594254713759
0.38066846149764777,18.28064854994218,4.142601090328467,0.09821052407161115,0.14621139138679934,1002949.7458984704,405.0583439256132,13.173040003077272
0.33904724919695306,6.626200554944923,4.055402192819367,0.09165365399398337,0.13917364658833067,1762958.0445243467,391.90851610969514,14.091604109254256
0.34989973646705724,15.143463029319793,3.8981093966245686,0.09840157579533819,0.13111116055491046,933036.0517184925,527.9491482037674,14.29738518579404
0.3459596708452116,12.884636288943003,3.8853941945424175,0.0946477692083645,0.16518874956614604,1597093.5864434843,322.26883100455353,14.927848441775
0.38101524235310047,13.992803505014896,4.369596760240153,0.1454543404712073,0.15060725876180647,80049.00296656275,422.1287129338871,12.389219138315573
0.3697895402056344,6.898988028381419,4.367036168122055,0.0834645871345991,0.15463940081101354,3358599.6121746735,330.65603266085,13.003285136460907
0.3253689498976039,10.630495676079743,4.088800624802107,0.17575555058918246,0.13829166918530136,34019.91036939614,330.7288752750497,14.674859394253005
0.3560341660625048,16.278095036284142,4.104657227509499,0.08559276542729825,0.16433521039648843,2885795.5570702762,270.1897974297184,12.281537710829657
0.3831320923285675,11.576896869953911,4.3065928475077415,0.08516915312919834,0.12585668476765569,3123916.910082051,1063.7999338611044,12.974445377195547
0.3686650109112536,8.34090693360151,4.0240984103121304,0.08247764189887359,0.16088083792919877,3611392.4966032174,244.37955938865062,13.490317583467647
0.3817790729087763,13.988827654849523,4.240066430020702,0.08499541495427419,0.16968193237854937,3285861.48529239,284.5069355281986,13.136306011390843
0.38253501124038125,12.134944150044756,4.257621971235144,0.09973124233088337,0.15720796623447458,752671.493786856,323.4301188146678,11.673748725343067
0.36247743619657574,6.263838289305665,4.155034030824863,0.1822031831388234,0.14392671250896968,40771.359550441666,548.0754139039802,14.252357459025815
0.302092812162662,6.358085279662602,3.6447549588885106,0.08583953107594865,0.19813720587727385,1392939.807933223,114.81869875827408,14.960764006851917
0.34329356859499405,9.20412491502945,3.9224183032927806,0.08087366935954243,0.14151368425560495,3366663.3300099135,565.8412160306663,14.863640648918501
0.3598852025472064,18.002942313896405,3.9942961125360763,0.08360102486262339,0.13679526251378576,2668740.3756167563,541.8348073046424,13.28082228292904
0.34787688158158425,7.36135159648232,4.181780918175685,0.08110494248219885,0.17891575106369723,3849292.2594114263,173.45816215899345,12.724197792519151
0.3803618921060372,14.442927667490736,4.146236841402083,0.09056492969010335,0.19401056587112747,2473111.005060685,169.0386985558035,14.527592158471066
0.3563748573845879,16.04967720091507,4.3514301467911425,0.08051487321297796,0.1857316102395305,3875226.111503122,118.9609125120686,14.74845040244419
0.3400693982239671,9.515632425962838,3.859862519189648,0.08387421534768283,0.1905965359213671,1799138.744201157,123.44768262846594,13.389675316907455
0.32731808300332604,13.547631121778812,3.7183308518514,0.08301285100235037,0.1557770976970639,2659711.551736943,244.6638678910754,14.764572435529189
0.3466254833447128,6.756550620041612,4.083460499893077,0.08154190191339564,0.1725625157502077,2514791.7369111287,182.7522949274206,12.737454657856413
0.33760283223236753,12.48896307013486,3.753782125591923,0.0963009403543398,0.1552930842080815,1146175.7565878187,240.71595362159115,14.904946264045623
0.36891357131310804,5.7593875989324665,4.1586043053099,0.09168931055332846,0.1372832381602667,1166494.6550933074,701.7857470557897,13.750192321059705
0.37479086813200757,17.902634669421616,3.9214001078512433,0.08470661790964339,0.1295344479479819,2868789.539888693,901.7902742584652,13.82659291655304
0.34914805765608886,7.0955449711594945,3.8615043254552783,0.09997127439975072,0.16032867579066687,397288.0646841451,212.6341679331973,14.92520697965769
0.29475859065172616,8.51884574603648,3.544010826372806,0.08521830651793867,0.17556889503313544,3247940.2223198386,157.7940734947207,14.933037284485588
0.3418694842645634,13.158570174607004,4.074599140012325,0.20124969630156855,0.12060454771201905,24638.793326592517,1201.4527262509564,14.232393536950985
0.3620812638562266,4.319812581315361,3.9397215886781884,0.1281374271355994,0.15090952388919193,125584.77208231317,409.5987550012682,12.022079842423395
0.3744032563085281,14.348454482967691,4.202295495120275,0.23953640723291175,0.10590662682081287,14893.874602587346,2982.537750648324,14.696351674539283
0.3553030281109013,5.1718154163657815,4.0593896020883085,0.1388401686383477,0.13567827249714276,85586.43642526882,511.89392712220797,12.22662544298839
0.3538298470130342,19.82833750840492,4.156136350938958,0.08373759371329378,0.196034742366196,2443450.6164791617,126.11396050022331,12.471528466005845
0.37917953120837167,9.697271841565518,4.088163039343557,0.09822332030776285,0.14893047277752652,1162942.6945723484,510.2958509798389,13.107331414657262
0.3484535629376362,10.98815273647547,4.13110801271842,0.09498468177975058,0.1672020902338313,1732128.4663988706,254.4150720457399,13.560011778462677
0.3432724450902936,8.518333282885553,3.904223074879069,0.19411257082253908,0.11526229831885115,19424.92757693892,1336.4099872054069,12.90112600192878
0.33799318118245075,7.097187677255062,3.7295454908103816,0.08822108094343022,0.1381389555812436,1539037.3527871708,500.9331586225494,14.403376992352602
0.36373041090322566,13.605682753225448,4.037604486934539,0.09011584572404037,0.12736611301845702,2065428.9384461774,755.0735594970481,13.71365035010929
0.30527760463426756,5.224880837696356,3.9124176391122636,0.0939843976894771,0.18250828121569324,1746899.6006025805,144.71372527007819,14.012682637762103
0.38135087166159937,5.747422880463125,4.013846077681532,0.08346913454295771,0.13285864147277276,2413771.441141,989.9212047730053,14.863940499483071
0.33195673354528493,12.388732303984629,3.8549980067114795,0.0908469448769991,0.1317222937793628,1732869.5538145911,684.3923562791753,13.842389217073697
0.37593461916873283,4.125917742202866,4.049587438706599,0.08542849971876566,0.13342052689242473,2412102.2395468466,822.9482724180625,13.020661639036879
0.36001195689324555,4.42578754262145,4.133523939990622,0.08355250584017068,0.14986781301568747,1925486.3434742829,420.54464628354583,14.786807824970488
0.3569071409880361,7.781800783341709,4.3582337705127285,0.08634702794353158,0.1421298443520837,1804475.0378787678,415.4067238187623,14.641021723051155
0.34200318056940915,9.339628558362973,3.997050466511989,0.10174853884223764,0.14500992092829817,826991.698130859,548.4950845906221,14.934563881264769
0.32429303116151276,15.609592567439298,3.742568941017982,0.08336508770379669,0.15286043911641833,2901110.024107612,327.4881441757192,13.99848106189825
0.33984547894646283,4.498901374645053,3.9803858914724084,0.09635165293868302,0.13440726356608737,1000062.6971083175,499.6873318314871,13.36410557047098
0.3652726983787004,8.52302525852814,4.0738025356687855,0.20942941819414757,0.11599390952129854,20937.624004133766,1847.4427201717208,13.73657681725012
0.3729819732959183,18.562195365513293,4.239606151956385,0.11363851553278745,0.1841746376270449,207973.81857081671,180.58635371987287,14.191841862681189
0.31539367785573086,5.6859260251265695,3.724547518417405,0.08574705452194911,0.14049918778948822,2244328.088787838,514.0589707457968,14.900995795042071
0.3529516239477221,6.517223275872244,4.220474448608868,0.08815438058969317,0.15348303839667615,2350402.586860761,243.39948372389097,14.444836701915298
0.3638550337459791,17.305198783393294,4.014932513855822,0.09108631991848037,0.1499457698618193,1048838.393949968,309.59251510082413,13.741883948812529
0.36895226456567226,8.17386688872358,4.0155708117281534,0.08340153622131789,0.16105760460918206,2805737.025392775,342.3639266661989,13.287471042589633
0.32710586750427834,7.615054362068458,3.892377850785712,0.08380924304350801,0.13086120589649552,2580134.38171543,618.9331618762361,14.130191577274067
0.3760185558872947,6.560249186418582,3.990906281487576,0.08938758084466365,0.15804595858243076,2627356.0448866095,331.50051003840645,14.628171191908349
0.33209050252267724,19.182777887905672,3.799660423718938,0.08583996327300505,0.17382385780982673,2087335.3109177344,183.12057128444386,12.996423654662195
0.34657429849153354,6.4073848482949245,3.8729204009324443,0.0849811672141546,0.16861472439264966,1973265.0541573197,228.48871028935977,12.580270695601266
0.3085649614258478,5.868285031469458,3.8516765501862738,0.2127906785824969,0.11234460685972772,15755.480349844962,1231.2739543847265,14.408730005055393
0.3568973982579565,12.055654948865108,4.227202310810261,0.08569842539718414,0.19245821107464878,1317973.366002326,108.59969491346271,14.533699935278813
0.3385384132335812,15.383089486204558,3.874547064870498,0.11330112153834708,0.12649913424879566,351796.05042587453,1025.379427793921,14.75937615736744
0.359965280957944,16.27610674513795,4.1954362414183,0.1339624764171226,0.13411717795677874,154057.326972531,497.0294905877924,14.24041119599452
0.36234272051857563,4.137646560143642,4.119206101155808,0.10843039823367234,0.14047019664100446,435568.8480448525,711.1074850973347,14.867100239274578
0.3319648225373029,9.820665068280622,3.950519006584761,0.08915841645233019,0.16771423005425656,2379027.4768401803,153.89268037075723,14.665887854835578
0.3495366714633186,9.858448735079527,4.01323989239742,0.09986961450202239,0.15715720098121722,659099.927016231,151.50802576985018,14.805128856636433
0.3636239017480373,7.324620774818894,4.331765062308248,0.08222453413177593,0.17444692538548026,2561172.0885751033,170.86868484301962,13.387042381514696
0.37606651110279277,15.741193604669396,4.036758769623345,0.08626232369874273,0.12985074721997464,1893813.1976101324,768.4689967268264,13.382740330529412
0.3551239991316844,9.689803418978741,3.96059620081456,0.08219494864729082,0.12332536285955337,3207659.208462472,570.7622437930971,14.843619775778503
0.38068753977780156,8.795639229647431,4.22629842220727,0.09013040933547227,0.14787132021295063,847694.795976581,412.95646568020646,14.165514182965216
0.38112492220069905,6.410702765655947,4.343866194801491,0.09115409340584973,0.12658425249192065,1035685.7818651758,584.7091553104644,14.401912434562293
0.30778723755498444,12.00636925706893,3.7443792180688336,0.10296080153343569,0.1979543464647639,737355.1326360134,121.2543054870238,12.92061536732549
0.3687318709164248,14.459106410656844,4.059481826347493,0.08445900795135058,0.13513560259946816,1996158.849685908,430.8652801776587,14.395399835062118
0.3661127901984294,7.754732271678108,3.97623961255574,0.08821791082803415,0.15852798747695845,2359357.8001317764,334.51101958595865,12.482225186467229
0.33811981321038964,17.19354210397472,3.698956393029305,0.08370503255455058,0.1729933280194333,3047228.3627337194,188.69030602649116,14.04573675079989
0.37316613497222084,16.432039479785523,4.280293011820975,0.08559903087305018,0.12517429100803967,3409323.632089824,1185.9699298855976,14.213079884777235
0.36770851619273237,8.174807446111034,4.181131654211262,0.08640351254150475,0.15137877496816154,1418670.161086319,226.63771990127148,14.709278192591478
0.37602172830885944,16.576931819738583,4.032494879227299,0.08207717415825344,0.14206906262949814,3341565.654318212,663.3985049104043,14.290459058842533
0.3609024575024238,10.755374114961123,4.19669102556597,0.09637075109316925,0.14699710144818226,682269.2168830064,390.8094675578164,13.227676216066332
0.38202621855882796,6.661352433988496,4.266624477732478,0.10184791143175478,0.1319385581563043,1127430.6783091978,824.3023985373885,14.51028837688676
0.35333127184512003,5.719406284073538,4.119627407953869,0.08282320363892806,0.17139743157227705,3878807.9048925806,168.47604397722,13.65090403895763
0.3822726223017031,13.307233162129355,4.11497809820732,0.08922686762366387,0.12320123844623,1666837.3322671312,685.0985482051224,14.497264056957382
0.37703025597474615,8.163035112805183,4.279173972099873,0.08534865814137245,0.13217535309699086,2199102.3539621267,802.6127402275002,13.36100099501612
0.36630868437307934,9.191919439766743,4.164600661282597,0.08759632295973711,0.16294867636274848,3578417.0719241356,243.6975209285732,14.929212964592624
0.3474705321676714,15.960608105849259,4.264936654450509,0.08461992524969049,0.13691229443681002,2955131.2670882866,470.53190330772634,14.55368211261696
0.2989246351879998,9.572701154211593,3.837829518674579,0.09035466781716274,0.1906467564570673,1118314.986957759,99.86721666439597,14.490560123812978
0.3785869173320602,17.799106210003863,4.394937619066177,0.08202029298311996,0.12076279134856964,3588327.401518891,957.2729504978234,14.337055718842434
0.29764207640319407,13.52533597742543,3.6009920053306588,0.10487050261150328,0.1818716935430188,640023.7949272671,172.70287204817396,14.717054636096286
0.36047232001723345,7.697567744147393,4.1314859497956675,0.0869293262879863,0.16433184376484788,2447319.0100250896,229.14010098384787,12.645581187825934
0.34530474528540434,18.101773171562833,3.7859337210815474,0.11846410147149447,0.1396721573830005,217075.0610538864,509.9400526582085,13.607805077213314
0.34380522546709186,19.58603421281073,3.8843105871076427,0.10848023701293075,0.14537513656939166,739723.8591192183,514.2212548901247,14.86259980082016
0.3682316092546768,14.721772445148517,4.108543294238205,0.15705009083007476,0.14054143082114726,73140.89189746603,594.9835902109473,13.00253808614581
0.33819989746399926,15.40021910810511,4.065543581782015,0.08680997496609505,0.165153090908642,2123193.574910539,129.05499313997672,14.972726142008186
0.3430166000274489,15.394542652020913,3.7135683938752906,0.17610239167587913,0.1306433628072713,24039.051115919374,511.358419077473,14.918966459877476
0.3602309720542466,10.548350623332617,4.186536459726669,0.0825003264030676,0.14092735459165512,2575734.5293731196,287.1584808095808,14.773018023665509
0.3586296025469842,12.810211938293264,4.053553190753456,0.0913840761978443,0.1287270798913292,2862004.8859649356,891.3204799630747,14.665373969008309
0.382361758614992,12.610296105758556,4.101592290887247,0.08799960253438421,0.12771196612074298,1517635.9125934718,743.0947494631669,13.640593583759454
0.38334057113009123,8.422422701656291,3.9816309256995313,0.08791887728516676,0.14708479938002883,1288002.2377897117,461.38265095850073,13.301419873216474
0.31110871398078593,16.111637106123844,3.6455998691118445,0.0911681999185296,0.1593914683101918,1405944.7738178486,263.4313873042126,14.374727347187854
0.37924680661728927,19.229565959986804,4.07695648990784,0.14836299537177786,0.14140174966276287,63315.05988698366,562.9685832811576,11.77776973741951
0.3805946882209744,8.473182480432289,3.8709584731960343,0.11930027359628012,0.13134095221128997,173112.92137495003,657.7741006663048,14.434082498155657
0.3640106341115636,17.30960258191953,3.957578946306449,0.09427672398983428,0.19379937359767568,1223786.4943847929,168.53164085113386,13.256857324345804
0.36948082368494145,5.3422878750841925,4.440805806011405,0.14651757825256617,0.11915736317773977,92017.73173790897,1179.548551974195,14.972844189681643
0.38022398112813116,6.017498826384714,3.9251399671295717,0.09013525883310673,0.13663599437915758,2614087.17902162,826.3440327625511,14.872295595937823
0.3784367146329111,17.71974974928996,4.148301679505305,0.10307350035230799,0.12202027255690642,509940.7338418483,1518.21323848235,14.99319323200242
0.3745441221630019,14.010070359991632,4.092099771788345,0.08868700372103976,0.12019303889799,3570815.413829977,1321.2071191588113,14.944101720247556
0.37887671064639394,19.994836508506353,4.243506457751139,0.12381948991505853,0.15990617855270567,118529.14304550356,202.4937029710133,14.079153617011494
0.3742878652637037,5.938303020294869,4.050683481082565,0.08990181845052672,0.14795523451334783,2794942.8761634706,472.66480600353407,14.169575993594991
0.38104364012531455,10.545517704656355,3.9378743919317203,0.10014668895385839,0.13158043203834807,659689.7072925343,1069.7853306744148,14.845579463831639
0.35453081954867827,19.357777111726282,4.125656459666508,0.08956019435072758,0.1447552900298914,1711394.0757164443,487.66032208872275,13.816793495032693
0.3107437211049536,18.808442442323386,3.734601862598691,0.09182567605962756,0.16775614955477167,1736191.2885474332,160.8027688253124,14.54581486638376
0.371267724888998,14.35685763875734,4.000435553175693,0.08961010878362352,0.15911361307868027,2171807.6046215505,425.4440154448036,14.974811678861018
0.3327416212882498,19.439689790180598,3.9020965716272964,0.17951359913675746,0.119352894564135,33245.98243722071,963.1507277552998,13.83167703967786
0.35211313458881466,9.143248811332283,4.1752554148799845,0.12046623787746744,0.13218705897282051,349507.48348658654,710.2472694629723,14.807575414831842
0.37551779286112325,8.418146740543158,4.225934526091763,0.09644577403049001,0.14556452283025578,889039.9434306858,247.30709230333284,14.642257991468057
0.30133380855938935,6.345814643487705,3.8970117246796336,0.10284188226720364,0.15491729791669748,713892.1554932784,281.43845888453814,14.42477883182069
0.3823109180788635,19.345800280963342,4.257091394651251,0.08698363629088005,0.11794495620317437,3508670.3174840985,1975.2988483057115,14.744309025404844
0.3681824511211674,13.171141354535266,4.428786804199326,0.08803662706741638,0.13631636311495257,3248374.562224803,636.5252012352748,14.965634375513114
0.373178860872748,7.673625769296851,3.881188269824766,0.11576599520943787,0.19752200422053484,193296.28177976643,117.79094362015445,13.688572186381641
0.3260329558993169,11.902685218655572,3.8229917704272935,0.08218402102239683,0.19069425477212215,2951620.118330915,116.19251679246804,13.081671459454896
0.3417196567394978,14.462207653669083,4.038182937476053,0.19301596611970295,0.13010584851110957,18939.241208323096,390.0700255484968,13.558989469440306
0.37250379423439317,10.878180778645893,4.1331987254743305,0.08650140532211255,0.1431961852875012,1822264.1092885607,455.60657098367784,12.445271629426722
0.3117845004354156,15.129483791105143,3.944458890612635,0.08304481951483056,0.16470582153222682,3381050.3240543827,177.82572541886728,14.28607115873913
0.34168009243929065,4.860447426588734,3.9428431575498077,0.0808440890420374,0.14259863381978427,3013992.456987466,321.38336085147444,14.21580670605756
0.3470193414469387,11.07463792394595,3.851309696838901,0.09353317410260156,0.1753728294116969,1548694.0228131,249.50948121604932,14.546157050741167
0.37143878167349353,4.876910097196099,4.352480475404295,0.09605557964090249,0.15034474689486693,1006877.4122460894,255.31424044053318,14.574623348081108
0.30328161388407665,3.891106657846625,3.7115418531218474,0.08385386658671237,0.1488157757007772,3025554.657595431,345.3589180656372,13.968262100851856
0.3149488246470152,16.39446311910432,3.857306217261098,0.0866565305172355,0.15985211728298637,3295295.4114866387,293.35754359752514,14.734215511887701
0.3352537116840558,13.769762994247255,3.9164384372413403,0.08285886851782258,0.18475043046170703,1484622.4373119546,135.58436462179338,14.845959363227141
0.30606729569081464,7.931733015147539,3.7840068161252445,0.08521197099275071,0.16197382698757187,3472992.0341648394,269.8946423214873,14.557640470163825
0.3323691834177184,5.171210234650751,4.048635356493451,0.08176459423074452,0.13915719116542793,3887679.731209567,330.74448941931297,14.512255668878492
0.356947500335334,8.255539177863056,4.212131526731309,0.09963903232813516,0.16801038166011556,457452.97509773786,182.94760790593605,13.813107597926834
0.32955531344437,16.635943094741585,4.005077911479822,0.08725702408599142,0.16417194649427908,2308656.786962737,202.87619295220136,13.21286315657783
0.26805373126442544,12.277908552655568,3.3281492847064467,0.25425687933344326,0.17274089621574584,7099.7079978152,152.56360351862298,14.881217008538849
0.3838402488119018,13.541174618701037,4.2204955233183865,0.09493300583661446,0.1457105350811417,1714193.5345050863,600.3638003887066,13.673319464706958
0.3650280760395683,4.516896043823557,4.018136806462598,0.09505443490363347,0.13346600306550374,928308.9451698987,528.5782472633192,13.378024328721775
0.37589333280987797,15.46074174618057,4.208600359169967,0.09894545563466435,0.1565042560214436,594404.207823543,359.7777150338171,13.296551454161241
0.36585518534233435,5.437452576621107,4.30117755773307,0.08714428007315286,0.147179302331865,2699099.951592139,497.64920548240104,14.56385879652705
0.35119233128821825,18.623520423272318,4.096040627947891,0.08713573530098723,0.1315623060848926,3020300.7445106967,630.2066077690656,13.752782467328288
0.3521321136175358,7.89936716589324,3.917447418282956,0.08707340226249076,0.1498444289533591,2964902.6430745814,488.6808981650609,14.293350198788072
0.3387815743706537,10.68557599322122,3.8319522396951515,0.09056090476665715,0.1886309751624911,1441417.873636044,137.26188641842737,12.242072642866503
0.3720346082896213,7.59806788441332,4.244872287366251,0.12712198419108023,0.12199653498496331,191195.03932759035,1454.0987585749606,14.062593969733186
0.3717082969192543,13.032979261675575,4.426803121021312,0.10843863562229403,0.1496160324571743,624720.5346579876,388.5776640368737,14.382126044515815
0.34737054929363814,10.575822924042937,4.085025739404471,0.20519197528771516,0.1182097995236012,21866.497347899614,1225.912162726058,13.853053237595631
0.3508108511909347,13.28029813114634,3.8099147112706744,0.10793747906367493,0.14805690416085415,315303.15134857,428.27433085446717,14.252366438840653
0.3526315977810606,13.566718488802707,3.659685858287875,0.11077486820208979,0.18490871265640002,391123.5249076247,194.5052532513574,14.122608569137457
0.3322233416164465,18.24635335621879,3.767344063238923,0.08807485477746153,0.1554120574233206,3349368.4537792034,340.16612916663627,14.211588984242223
0.35479766368749666,15.047493648852493,4.0917632223756275,0.10865332374564776,0.13501946087351926,472644.2601353592,684.7986954163392,13.134791415409389
0.37489277492113493,4.180016081442671,4.041497267805166,0.09237854480416653,0.11917635108103819,1782209.4237442322,1816.1491272662956,14.355088060363194
0.3362689772137476,10.491972394354892,4.039021257795068,0.10461359424581054,0.17882510437204346,413262.7377882611,107.42217802884845,14.231437107857284
0.3611051836570356,9.17277787799607,3.889669021524037,0.08839021260433984,0.13200673479653147,2489873.0442251167,837.3112490637411,13.792507882861203
0.37087975737560874,15.822502351453739,4.381316534133916,0.08490441872246672,0.1930032637219506,1465997.0556976448,119.02808396782783,14.470811815167037
0.3795031711631873,5.0115322390407,4.281565972977591,0.08808719890707449,0.11867809827592361,3672975.1785698384,1660.2991038493035,14.475574877854175
0.3821230778399266,13.05279598940788,4.4266423780874025,0.09838499074427487,0.11852918146786418,1353027.2546646465,1321.632657728831,14.935384455244455
0.35685455287101137,12.175584888763638,4.016783337190842,0.10916309612061958,0.14177616019438355,746145.8667767564,554.0866106601226,14.979762143604031
0.3757881481355441,15.31984008503217,4.115570387155114,0.08720119817483528,0.15202137547494582,3397743.964340776,380.0430506305806,13.714205181265054
0.3695527595538159,15.49384058765316,4.064661612917433,0.0866547426253108,0.18555089441365186,1347009.1969227043,130.11912269202523,13.874202968842638
0.383251333816918,19.564689852775395,4.317327442706983,0.08362283325351727,0.1311758352819395,3355522.701219312,918.6026706781536,13.647499270568053
0.3545661416806761,8.005860749055525,4.14618566120569,0.0991988475249529,0.1707612829268327,1160993.3517791633,211.37525368836143,13.425959334131207
0.3447215124057894,12.30007072502591,3.9775108326262076,0.09412007123061528,0.14305405274693256,1255628.317122845,428.4890036270339,12.727404439490607
0.3788305547043753,13.424857438198645,4.249246299821346,0.10127306629522596,0.13823619689529468,843103.5964824096,630.2782350493168,12.37439184546621
0.33880460197865464,5.226863522047772,3.666553597747023,0.16130104646226395,0.19153613670755365,25825.71840846844,131.54228885649366,13.389116906468498
0.3779582101873763,8.048300465049715,4.0458810306549555,0.08688457045574699,0.13443690771892786,2928338.3774619647,898.2467096507049,13.855044115167995
0.37721772417183685,13.442688045046868,4.002455744208954,0.15096436739285143,0.12448949102303562,76015.16684993183,876.8718854119289,14.33537572784659
0.31370455909535555,9.607795421512874,3.773373164418366,0.11528554447118951,0.14806143976729927,294988.10632251087,243.94309371550344,14.553782765084902
0.3365270755702522,13.681884999455239,3.874315870021042,0.08991655157767792,0.14194266056812824,2029432.1808580004,587.07466550709,14.940294574193732
0.34256516813989024,14.29450153873108,3.8354456137774964,0.08398235203302373,0.1537108039255733,2713948.8133928636,222.7485945871052,14.646160053121669
0.3761303032730516,14.24184713484689,3.89024666739754,0.09705981485639592,0.1674120999085012,1004914.4749235901,309.5918435980923,13.477713165841998
0.3782779725467361,17.923016294963773,4.040130710123545,0.08915400443100742,0.13004412209499422,1628246.9804518996,938.339047935393,13.521622825778058
0.34949654985524614,7.1960605858257205,3.8495744917139474,0.08362767672477328,0.12903417992375837,2964512.8515572133,695.6564132985751,13.924767074405969
0.3672609573692655,19.3476877377913,3.7802540233494577,0.11050894954509888,0.1856172134476614,306580.72124966973,169.2424276003412,13.067044176315433
0.3489173265241742,9.81474148397368,4.011111889364165,0.10508947782296121,0.13195153034661578,380410.3911002949,671.2680108799558,13.715147925637059
0.3332795221704601,6.296727081514149,3.584323457276806,0.09636125456545538,0.1951435689207448,873057.2532847294,156.5358612977277,14.870320329604061
0.34879234002012377,9.693676154969884,3.7737319873854984,0.08982397076690773,0.1448790736609945,1971862.5787322137,555.0436938316353,14.613647275456119
0.38090665581768934,6.255884800614163,3.918396216658109,0.10004284875574991,0.14703290666520694,829921.0722551281,610.1789198791192,14.436925579950769
0.3635657607460903,14.78368663722192,4.14886511791652,0.08273204045126945,0.14410035442997776,3004215.3833439276,532.1007437106506,13.952728594418222
0.34618114418142987,18.4264569897382,4.018189848462798,0.08371760218591101,0.13670577143560092,3073705.999257084,545.1202787623464,13.303938762944902
0.3677618101918204,17.53110387853546,4.131078921937891,0.12146802996795085,0.1230760360790895,307957.9726850693,1422.5105314822958,14.516717357556965
0.30090823684344903,5.463062838102718,3.7819548600692903,0.11567607699577996,0.1498553386562968,340067.55843507417,278.273443522178,14.738150844339795
0.34554738157938086,5.653742865967111,4.290764568288458,0.09806864328819055,0.1385883272655593,1054512.2865868697,453.88263043257075,14.810915898267739
0.3528132454642341,14.817493613563135,3.9991901337107354,0.10047570399201278,0.15765976306303886,843559.5053585513,190.15186209724612,14.653835048895736
0.3624210108691736,15.397238974945559,4.23423945615578,0.18107089064893356,0.1397690520353402,21307.189786246938,288.21551829439284,14.617417127360486
0.3655666784130512,18.82189285076669,3.762275861535154,0.0836956781394152,0.17330637628379075,3165818.3562416267,216.39420556673642,14.362708933453604
0.38264265605722914,15.566987945835765,4.11772351095329,0.15032421067045054,0.1440979239475124,61710.55300890973,402.8893330478821,12.355385805617841
0.3700583846833257,13.258015363562093,4.352039854696942,0.08795757688783765,0.13725603386948854,3600731.0374217923,571.2908312229151,14.931356932234753
0.3827960992435709,16.850126258014754,3.8498347716344035,0.08110868592542289,0.18134445684697575,3940594.9132822403,205.82283934872103,14.048432362979238
0.36397981906435606,5.368184185524477,4.268869963932541,0.08829800795889807,0.13056652200140506,2150997.791095454,591.5537048663795,13.915182717748031
0.3396040256394159,11.658137514225634,4.10908039217331,0.10120823882420983,0.1365117262126624,868051.2141449456,519.1804017059715,13.822775082285093
0.3739345972997054,19.61126541871108,3.856646669126541,0.1695407148463707,0.16883050796179822,39374.74674987729,216.6708989967445,13.926566281048377
0.34555757878657517,14.568794798834803,3.798044694311131,0.08456512833327885,0.16594388622308542,3668279.9269160894,288.44483511979087,13.714782575034844
0.316152562507664,6.999263994234233,4.047779159751244,0.20264350458790592,0.12390343601499625,19337.344286823063,700.9988692656231,14.762462597742456
0.3696498353774653,17.837668025085033,4.068345329675661,0.09186559242243739,0.13136288240202648,1900503.2625916111,1000.7726142808461,14.281847222499167
0.3684362986387226,11.711949583391743,4.102824106057295,0.09079148052402382,0.1340672872773872,2146268.09212956,813.9379075311857,13.397154836282416
0.3759429532079319,18.159032978573897,3.794791552730495,0.08389184845238089,0.17277159853053264,2858887.530629705,250.30422852963122,13.849118749479517
0.3293481801762603,13.738689156469109,3.717870690627228,0.08429158120127166,0.14465546437012872,2989042.508795119,364.1740161423736,14.507575068183305
0.3829042148058306,10.85924133792761,4.085182848395059,0.0909925432662097,0.12260413315743703,1565001.2846916423,1406.2245396216288,13.455748656630423
0.3313303597742804,4.350731638789397,3.904847821986264,0.08848854959832553,0.16142474124197706,3507571.915325523,304.5936747055613,14.664009514111804
0.3070514637340401,4.805880983014742,3.6299498770457097,0.08369097275832207,0.16110659094979313,3161154.5160561656,276.335619639363,14.482412771526576
0.3362202895799281,15.893351785272415,4.1197315351817245,0.08803697657723106,0.13797543026804931,1823401.7531892427,435.9354869258355,14.367245996903224
0.3750545261584565,15.706457848898634,4.060463244099309,0.08736664576777793,0.12889326129946227,1530858.4541754904,967.8293006267759,14.369542556235148
0.3686035702732507,11.046296194057454,4.191877591504073,0.14586411555492196,0.11238993180950184,73136.77408825058,884.7204054620296,13.985223021618921
0.37412535724306334,18.496088253356426,4.334166811221349,0.0824889517133538,0.12445806089511398,2505234.9845888554,966.9782051477407,14.722275645553013
0.3255568553336859,7.932649596643902,3.9423449309883836,0.08476071353622874,0.15511269074830658,2463320.791297555,185.4368783616044,14.535807928666202
0.3553910426614416,10.755186033389359,3.936099839815781,0.09171421453862408,0.12489219867515629,1587133.4629763607,1228.9777273726047,14.587421183145684
0.36877060744604284,4.8170970169851035,3.913366057306468,0.08474127585294346,0.1490953582166957,3581295.800222472,452.67776202939586,13.445829509486773
0.38420032577469887,9.42639663239919,4.226429286910266,0.10548658368685912,0.15427133594273867,458174.9763746598,322.9830275668251,12.09406288430694
0.3061048024277527,4.0457079857161995,3.7471476996994504,0.08746490579252351,0.1870697837159801,2727733.6443331125,150.52368530077288,13.42592615484902
0.3224154681880264,12.256981333685795,4.007013418206318,0.0950870872723018,0.1305185988668138,1374563.4395739655,531.4357286639396,14.870036326590037
0.35680000380380594,7.858699142997166,3.7986396835387772,0.09557265653544397,0.1664842588542551,1169089.216299409,250.64537778060048,13.687726008305809
0.34066694353228044,18.62190677735163,3.8256349616388756,0.09829094515044279,0.13181174749965086,847656.3723298555,592.8600477065884,14.044151489241003
0.30522230599979916,11.548663284657382,3.9013122103489346,0.08158600222393393,0.19110441071669737,2786059.0535786008,106.32186032070258,14.177071554283629
0.3437107325569248,19.49973833407243,4.044770515974824,0.09325399803255333,0.14688563897977286,1039036.8466735582,211.98100419291697,14.876601956429246
0.37038736377203674,4.712460306257908,4.276603028871133,0.21297581922506498,0.1329576836212626,19217.63292730131,598.8431520393343,14.620603821676767
0.3547363174077716,19.57668685330625,4.29675349962885,0.09083582742367123,0.16488579736030423,1602739.6005749712,211.71837639122197,13.550607085040165
0.31082517760240946,14.14081981126361,3.8384054793455515,0.08393116313964347,0.14864758253503646,3601091.7798417676,262.5720515524783,14.573254192790458
0.3842384256219536,10.590263843090192,4.0397271481705825,0.11275073515168504,0.12030059541340497,305252.90811238135,986.6472190501789,13.904679434222713
0.3107731111825066,14.751463945804684,3.5742010745824455,0.09862052269981461,0.16617908263787237,1129996.993931992,239.82278358597247,14.85117016698874
0.3195115697606944,4.245468413478534,3.8210004035853133,0.0926955404565712,0.14283059054027392,923235.40918821,447.9190124393218,14.940844088576284
0.3669364249197328,7.292964168160147,4.313354042300132,0.09838193264874322,0.1436504045334936,837890.1401683091,525.1688273027755,13.919427941968834
0.36382491861768107,13.346721691481148,3.843239965926701,0.08687716294617158,0.12509704332825816,3418873.747702437,1175.3622231482248,14.949517416893274
0.33683953077282985,13.522751714079314,3.9748891808306963,0.0894878945804572,0.1306874834718698,1554513.0044444497,398.24210059067997,14.759468359244872
0.32493739807055766,8.329804669840836,3.7500330074873807,0.0889139384211541,0.14191528572744563,1907241.4804512607,538.6306364837795,14.815654299844248
0.3781514625534964,6.522903471075938,4.255610238675803,0.10160839565808213,0.14319812813130028,774456.8703802648,359.0915823877921,14.207345064109896
0.33839839371409275,13.851382237688446,3.996566480376634,0.08704799427801921,0.1299834789791825,2557738.7918221466,725.6625704606255,13.724116322989369
0.3543494831491185,16.8296866030284,4.24751782451894,0.0994929360326549,0.15518183920588458,1060562.7250612753,285.27123480122856,13.86830778330755
0.31762027723880387,15.19475280553124,3.8491696085583342,0.08315401812581136,0.16705749667590591,2736954.467814731,152.2478277915426,14.533514930055812
0.3686018548500608,13.89381416853719,4.148040308742961,0.10055488232722619,0.15202615978046807,1091705.9178946947,379.5884928733871,13.248453081036434
0.37175623234829436,10.919925114103526,3.974702772960142,0.08598437183077408,0.13145500529528176,2285012.837714519,752.820985018527,13.201756936023823
0.3687388196056688,15.949372506867348,4.322016362899536,0.08687722029023318,0.12839637631008977,3347416.0683914716,669.7055702239853,14.828670950104474
0.3575363366057173,9.545582812260651,4.137294384144351,0.08161281577811635,0.15101876716105508,3226960.3528936557,273.4146572655209,13.48080818924828
0.35486925454823076,9.815137909901452,4.072053760812007,0.09228713033019702,0.17360428223476915,1323296.4799866597,142.46526125925283,13.751849107761911
0.3711638253228751,16.495613055337436,4.153916883691265,0.19509220835455038,0.127087691096331,23185.206931379154,1123.79780786837,13.282550214200496
0.3522173066021569,12.69764650034374,4.21468558958769,0.08162021690131394,0.13501628267831906,2971133.220896433,513.4755425553212,14.292153031519987
0.3284206637419155,16.058783559920442,3.879820819309952,0.09498935071335789,0.12767496797655475,1740483.9112004305,856.841904206626,14.990506886380523
0.37382485329193094,13.588983635778428,3.821818678732421,0.08832966055738742,0.1266308828415018,1925292.75395612,1102.3345191796625,14.653123964110257
0.3385113809938689,12.419722835065322,3.9112401131552863,0.08379814022123022,0.14877749566556392,3187620.705301354,412.5610090933664,13.431178261357967
0.35060590521157037,18.740687806956625,3.9699365273748435,0.08952971553598212,0.1363166537232025,2351708.9198109694,578.8217266222016,13.375747131671119
0.35599345501567803,13.268769029351178,4.177334351201372,0.10034981694402373,0.12305559099278282,741282.2692542068,1186.290031771603,14.643582280352957
0.3673899066683025,7.502609599125244,4.342819468927096,0.11968190751085017,0.12481496926625733,292544.0716000517,1115.870217123423,14.492619172883082
0.37251216646773155,13.920353681869832,3.9231101783770983,0.0990623533237975,0.1337317869415502,859326.0210658215,919.935877928086,14.336512532817395
0.372885347234673,16.518380693091398,4.294971844401788,0.09415558802041248,0.12389952021318314,1229066.5214408343,581.2620855793322,14.640735644685451
0.31128088120090286,5.943559148772842,3.7130564284514467,0.1486520765396825,0.1806918619725335,57584.29504754918,163.88003080797122,11.916069689255856
0.34829247910350813,5.084043067215613,3.7954224499429836,0.17425726176013998,0.12001489464034248,23413.879527839537,1357.6529502428548,14.54701445203363
0.3788715710314582,12.923625295568298,4.13033253357688,0.08508336990694755,0.15080352630933597,2284155.3595438693,274.25610210901664,14.02565006682591
0.3709940271694063,7.6442909710612446,4.28267210373116,0.13477455691662732,0.11490333888422415,118995.57567500268,937.3729436451223,14.214391328793162
0.36232130250802497,5.190295187274426,4.076626992746698,0.12838002188011394,0.12250460376915982,92663.34142237197,784.5483420460404,13.932872825187804
0.3800783643214445,19.56552149277739,4.399698140338895,0.11259501998814805,0.12675448217005417,449061.42359626933,952.1856919781427,13.721134940287433
0.3405361854078033,7.081900774807279,4.0762136135906255,0.09599636625621481,0.1765583041674621,1331698.3619206164,182.01214940858122,12.732779662337244
0.3515578812347428,14.405738810039411,3.9467822155573975,0.10282202867539804,0.12742297902496524,449848.3877728045,900.939734573596,14.753166450081464
0.37652521881393264,13.83731461446846,4.2169862958582405,0.09923697662012802,0.13865456193519327,1179010.8444478633,453.3103650606286,14.814377245015926
0.31819708964340643,8.844139579655167,3.9211851283269663,0.1331557618509361,0.1262788046529718,112725.04841886855,545.7288316690604,14.286265449300654
0.3639918549802108,10.94644988666406,4.40900626412537,0.14219497079180626,0.16884918202613353,109988.56935921397,253.66500164014133,14.977588852499924
0.38270813858791397,6.222693593448789,4.023555180103169,0.11867031963745757,0.1499651132273804,291910.17460373865,545.5555261611723,13.786173853194116
0.3734960536884591,4.13224289266071,4.07745611559095,0.08841964232993972,0.14027713687353954,1344011.560311221,682.9355112562092,14.548562449308916
0.30548127007418086,10.208109107794611,3.786530531926843,0.11259786120867965,0.1721468543880455,440047.52197902004,149.70301858221612,14.983101287614812
0.33874468078732894,14.63896445243924,4.151345243192578,0.09168948378110418,0.1439886641260144,1215665.1938818477,287.7615193570912,14.829582639115605
0.32296107706924115,14.00234000468229,3.844691547454362,0.09864191742343811,0.13830333173534254,858787.6411664155,385.3324616321375,14.16512443270044
0.3771471108135811,7.843940191136392,4.015386108175108,0.08011908150878973,0.13388476580728653,2523215.326979486,638.5609127790921,14.318505411318311
0.3619033250068652,14.494777356759196,3.93814404857974,0.08146559661842936,0.16042328754100774,3049184.195185794,202.29170231374928,14.467409760604903
0.3667437560015676,17.827317719588674,3.8281970185311796,0.09387290335502249,0.16329295239215386,1484455.9406788342,263.26950287193466,14.666698515618057
0.3539219031106049,13.122517310410965,4.076089519234145,0.08835971879696741,0.19000701177320906,972401.8069609888,109.46393460421756,14.61564206261595
0.3293343989681658,7.879598403671551,3.7928997813935768,0.09810761831245261,0.15196916711084948,1021644.797719114,366.29855256837106,13.340752875050711
0.3308303750038629,12.049060765521295,3.7428522171107796,0.08527347904832874,0.15858721652017194,2545623.2789870207,246.54354243219765,13.861390091149735
0.3837315417335708,8.604949985616246,4.055208803625182,0.10902550355696548,0.13033202334138128,410641.8981122334,672.910906883563,13.791077840109189
0.3551584448502898,4.920915364657148,4.129145520086299,0.09026919207902709,0.16459749853366,2847741.3594889506,234.64221423555566,14.847437031317861
0.35453868177802367,12.196689457582798,4.259680015903427,0.08454336045809502,0.12680251407626703,2769156.2130755726,697.412327225815,14.317493752216167
0.31019802480527153,8.532228153841778,3.856484254150123,0.14841312808463258,0.17091840345796416,62378.17725616336,149.1309353653973,13.066739784733732
0.30689863947652496,13.203904099577915,3.6495994283729183,0.09281441487185194,0.16881463743908265,1548885.5182306669,214.28457822498996,13.670964065137918
0.31619047048599314,12.558009149275904,3.7673863912618692,0.08933971875454336,0.1990676088693305,1609435.3400035081,73.93362484067633,14.975978010112888
0.37181441607169285,13.707784274858113,4.095723115414297,0.08872871907958317,0.14435932457143463,1909323.8541462237,464.3565156382653,12.297870977903559
0.35000985676190416,5.947259647234105,4.085136143738586,0.10518904850870064,0.12290980271439077,546394.5880902652,1154.2512887270802,13.831847287299526
0.36920004262836187,10.730353175969153,3.771358191517164,0.08523941700309012,0.13213220776253587,2309721.1553090024,768.7497325421297,14.756522745824007
0.3634666707662803,9.233697527334346,3.950145948391874,0.10764774447388965,0.12614360693956056,307473.75729549833,650.538827074025,14.317175478477546
0.38251608893045763,7.953141871576076,4.242506457126551,0.09430300862757622,0.13748655760150785,975269.5926321117,307.95463717837515,14.84541716929182
0.36671704238557357,17.36758390228672,4.209689613150211,0.09540873796316011,0.1212297869185774,1568375.938832197,942.260607195425,14.385497640540352
0.3638550989386355,14.428829280887651,3.7798336985154837,0.16302174068378505,0.11232745682346187,39997.96452396773,1305.6705293916755,14.876181780276006
0.359571905172127,13.834111742966343,3.9968450276568435,0.10477046073682081,0.1272622838953248,899423.2187053082,1113.3774073498691,14.716172143961675
0.3428442372454898,5.302325987581691,3.853442230641086,0.09115596547632844,0.15105536683943277,2182064.1638070713,315.8185865670823,14.732111441911009
0.36558697835600185,4.2221886307293754,3.9108077778805086,0.209469214016814,0.12761751380397623,13590.306628421231,391.61297777338643,14.92801298995871
0.3824427012552297,4.912283066132064,3.997079619248491,0.08595036376582868,0.13571904907296134,1528212.0477042824,627.4819994107761,13.648384978279218
0.36725698471090495,19.327654886212216,4.350017687503966,0.09259402295870901,0.16952511097811918,1480183.6475165358,209.36535116396544,12.98919244958189
0.378116759249116,8.05592598364283,4.415255223827902,0.08512559300738456,0.13872376182112825,2023558.7307792557,446.59335093394134,14.135924316795156
0.3297838866017235,5.117586537646718,3.9879503860596976,0.08838455784596849,0.15435731962920907,3254304.0117379175,353.97424425746505,14.504082680887105
0.3536888864209904,6.524812370202484,4.070723817863611,0.08359124532057768,0.15360174824493172,1883796.4600268763,298.41978610902083,13.280201085609361
0.3794870848503501,18.05612716702298,4.10115169548382,0.0864439861395165,0.14917094186259472,2454999.187292294,271.52138897497406,14.734986859451276
0.32408013842715305,17.148607725265034,4.050300768233278,0.08962377391294538,0.1423297708596416,2250506.92039257,360.08996716205087,14.68680722357207
0.3394328199105376,18.31810910186277,4.223295158418177,0.11629225383069426,0.14328256936590816,357159.5202486298,432.17161922193367,14.586093852394402
0.35226013374346465,11.144367807702704,4.083858938465708,0.10163939808565348,0.13259241953683648,1161999.083257447,697.3557245610647,14.627266915766599
0.35793499528226114,9.447371214002171,4.117591346620273,0.09673354175517974,0.1455462198127478,1684696.9167378736,535.6537429476247,14.348432269265171
0.37010161078178877,7.814795243465814,4.221670834678299,0.08019048026864477,0.14372904463407754,3400940.854215456,418.22575897100194,12.874546726191364
0.3529633634322142,7.118978921486695,3.894682391606663,0.0976432009689462,0.12320379765280251,1273280.4698348949,929.7820072829974,14.916047650184446
0.3478280639967493,12.937816533041888,3.7335585526532302,0.0987262286868892,0.17276843156138627,713994.1302517989,248.07564169759752,14.274701199487643
0.38050468345956395,8.82309193710293,4.049581394791307,0.10807291344158002,0.14869312560481646,416487.43650568766,271.20955123742175,14.85785348576796
0.3587450870767215,14.198702501519936,4.022032279608185,0.09185711164492004,0.14541318573009923,1684192.1019806743,338.82114426545456,13.809958555703728
0.350268297100175,16.859760405019074,3.92533977036181,0.15519508621211284,0.1154016245749256,57172.22243314766,795.8056463878941,14.373409650991539
0.3725285745360286,16.28973909841454,3.9222606673646325,0.110397308055243,0.13375821479070926,491642.82119282754,836.8545238310221,13.801774366761805
0.38215722912593575,19.7735060535047,4.143968641439321,0.13927163658401692,0.13642546320487214,77700.23551711488,313.78023545837266,14.131615790620678
0.3789354767118862,8.659044706238898,4.337444957994524,0.09154307351982398,0.14763126463814022,2309762.399130083,514.1393738805202,13.98243206104602
0.3530131054410981,16.867930480341535,3.995920835562793,0.12076586681632966,0.12109267278352248,267319.18600851396,949.773015493465,13.92340035998474
0.383321904650495,13.02820152919188,4.089401498760951,0.0818862443416132,0.13199376169020255,3557248.0473352377,618.5720213546341,13.91849409848775
0.3754453081503869,16.356774840886573,4.216091410774668,0.11083247389787311,0.1358653129849554,433695.0250572562,408.8473708261281,14.284135004983716
0.37114082699178536,16.006520999029686,4.476693361271674,0.11666243655278835,0.12331604700388216,292492.16609549505,905.739085862128,14.80298319892434
0.3772977658774259,9.006641422114303,4.377143773959036,0.0907332204376719,0.13572211081016528,1550559.6736561207,633.1211167317801,13.069496007545236
0.3767337180081922,9.948019403788503,4.433088847230655,0.08506012864435589,0.13232667557446665,3069863.7929622047,536.4693039191965,14.837873738857944
0.35739906006387234,5.68077752422787,4.126258721577111,0.09005879277352273,0.13139060548379736,1139784.679703766,635.0342333739713,13.515927903078126
0.3239376177947835,19.842920325138824,3.8031597478474426,0.1430884370672142,0.18495957109941297,78568.81620674233,130.33696168005218,12.285525693122484
0.35321547210006043,18.69161527713228,3.8674036244701275,0.0921648366391838,0.13119134432101293,1298189.2238691596,634.0052820181335,14.003216784469174
0.36499284974340884,16.885778750839954,3.8489427951179733,0.08635531900392644,0.1366739295806899,2280520.9954367992,550.9373292062476,14.371069174316787
0.33417028101974633,9.208134651342872,4.003231634458302,0.11690809567064524,0.1322455369249005,394827.85164840746,664.3603430814977,14.622196410488362
0.3607429856559912,18.245527548540522,4.154148251494504,0.0940793435498968,0.1663509277273477,2160732.286560276,267.27460578418356,13.675087502020808
0.341716963390735,13.766474189064288,3.6751903079167993,0.09195597148912442,0.14037055082323147,1351407.882844149,524.5484452492825,14.687072976325553
0.30854732733271917,17.532926916534244,3.9707400823199723,0.09739977623970071,0.18162732846918972,947988.786031201,142.18823596008,13.378478679150446
0.33987894494880605,6.874197347045304,4.209827261741604,0.08699849578198841,0.13848000486746215,2684062.5071062325,480.7744090516311,14.367187717849578
0.36413105914296207,11.746560449727378,4.151975852858455,0.09287866922138399,0.14007063444865808,1672815.8432167966,580.7809758835264,12.766540025703177
0.3658774553399754,12.760007347346495,4.272948992019948,0.10240647646097317,0.13495295609388414,959743.4951502151,551.0895959812916,14.651477163830688
0.3605072927513958,13.6756521000631,4.152356837973236,0.08881551941554926,0.13965047539787273,2211749.089875515,520.2824728019755,12.68469310929956
0.3656349069864867,14.576341388041895,3.8178985196366764,0.10464409492969565,0.1451119241309986,418217.6445939703,557.2975494185631,14.873812509344328
0.3348863676751851,19.48291857688303,4.102859826354526,0.21165063012630908,0.15820823525301492,19909.804680814057,249.40628624682182,13.701138610640648
0.34290957882335293,8.579276978801492,4.28857512799304,0.08442157134071025,0.16583085092689737,3646548.6962520233,238.2837096982539,14.928315283168475
0.3262674374926481,12.644684728170288,3.913616266657614,0.09470335632927394,0.17535174455232533,973247.2063530857,132.49127459827872,13.670252167647995
0.33447902886236003,19.920898035885344,3.9712323896429043,0.10958043711509419,0.13663377996872805,293182.0322375068,381.13511517730126,14.874858113516717
0.36009850322933096,16.66589693466065,4.079259916695317,0.0897252326809049,0.12320889883982168,2190410.4032432055,1269.0259813864302,14.174021115578949
0.38185628918141906,9.227013504454744,4.364460094703141,0.09111070271437663,0.1286813910294636,968787.1444103413,527.2601944769975,14.78988972891996
0.358346391241814,5.625471190526829,3.8138790778616483,0.15833071828586315,0.16658807896835715,47530.99677625098,305.0725017310014,13.231748982011778
0.3667279132264853,15.59599744389112,4.154526416700847,0.10897947631470244,0.13085657637375592,555258.0752782769,549.7639553313331,14.431215716332376
0.33901453900822853,7.739785577605806,4.112979291980667,0.10578148296700725,0.1251307731080411,745080.9453942261,897.2839493443072,14.80417767169904
0.37759885087526124,19.83542170509272,4.33557024838059,0.08521163771007205,0.1466136937019829,3080063.544552818,278.54875934867175,14.922481221346148
0.37768208683541027,10.137428782054617,4.237697053764961,0.08945823659309048,0.13234393861697602,1600162.049345311,565.4814101782371,13.308108672237582
0.35928837409463327,12.593178331591934,3.729135498728635,0.10848239350731226,0.19656512300017365,478399.3881794759,140.4572777382765,14.582113273827698
0.3555164821849758,10.375852446477989,4.1296641855267175,0.12942887577674475,0.11804594462693618,206067.24554433403,1162.7721362964216,14.701444937809107
0.3579635345126585,15.278968251276906,4.117690355523289,0.08641547379592067,0.15802602578313185,2670440.506665167,272.71276545416055,12.599186634211465
0.36780564847362374,13.020938335276231,3.923115439480666,0.08244472061040432,0.12638742486231078,2570586.4479520186,666.1872304555951,14.927572325855296
0.3493146726914891,13.150719310582968,3.859985929396081,0.18113078840310942,0.11333894360282441,32200.493346706397,1613.7578453466408,13.996423868779805
0.3775296616298916,17.25716184204584,4.1101689664645376,0.0988278689738798,0.16556953935977695,1509437.0277106347,335.2677155225759,14.69436904867067
0.3330463767990108,8.148921798768939,4.171168973393793,0.08517920297206603,0.16986840222860494,1578324.233162208,175.7361501714883,14.930073723206963
0.30363174792799247,14.069639805039001,4.044211793280019,0.14619752213004497,0.16746485230412447,78064.89751010205,169.1148441279288,14.670275281741663
0.37669604562755493,9.395301409293731,4.262819524924239,0.08267949675290334,0.1730016663270073,2664883.6349694794,149.89015481384962,14.282653260762073
0.32988309366698965,17.839914494520194,3.7956918348632938,0.08311453869325529,0.16791019001120525,3780096.683403515,225.37773847570708,12.630673292184667
0.35344816562263165,12.844521845562836,3.8201340757553384,0.10507938595994666,0.19455971935767868,586296.5245003481,170.83116430841685,14.163855668750724
0.3425511477149261,5.458211395099663,4.00192082641397,0.09782311605714328,0.142379392711372,759012.6841831272,572.7081001545033,14.993116067407144
0.3705490426534508,16.44713000574029,3.868624626715289,0.08194966786691252,0.17343659703805908,3558654.2605660004,224.385388110065,13.154660830440736
0.3498794979957078,4.576377740624814,3.6470043913173775,0.09132786693036762,0.15382133275148405,1716150.9247869528,373.3633955123141,14.931152803473372
0.35112813311386154,7.184265029926245,4.274737532186032,0.09058399457964386,0.17914777089667017,2228429.975522628,163.45472063435636,14.098890484108669
0.38273974518582066,6.240159334684368,4.2640333457036705,0.1600686578448978,0.11338056755781735,53658.19478910039,2151.909060539958,12.934067979578753
0.3607775191060562,14.552690485474272,3.989326550027104,0.11787223640073669,0.147919196892687,273371.92351256,505.7998213621894,13.319014634165015
0.36426643630343974,10.005765413701923,4.200591646566739,0.08345873808616658,0.15750325263583465,2048148.2449034315,240.7237020957109,13.61733107651868
0.3595261091462048,18.400276950573236,3.934720730562578,0.0997015956818611,0.19175576081422374,597824.9036558908,123.25084268338908,12.835686889997527
0.3848845635704548,19.24997259498636,4.4927221901895145,0.15103999438162452,0.11939949923442368,88454.88722987311,1267.3148725179858,14.609452740112596
0.32691563340253643,15.347279726535472,3.862831913816525,0.09114964538964851,0.16067186713004927,1956227.9095718209,257.80374699808374,12.909634860941528
0.36216603524877655,9.675800568941924,3.8216301072548875,0.22359404712737746,0.1504912617919247,15441.077643004011,381.8411945899785,14.991895735097815
0.35688401831966154,8.93253946147701,4.106522266659478,0.1471741926016803,0.12898583842595956,56339.018244993444,699.4210351707821,12.552911342129166
0.3836983380973571,15.03522190164254,4.17008998797416,0.08452666168385127,0.12745877679237944,2382095.4916282534,1057.6997661355915,13.481707021299878
0.35465315193145297,4.427708365736178,4.325227563973379,0.09222272129144642,0.13066420808752388,1317559.17144566,712.0286501735312,14.56959775567509
0.3314268045993185,15.53769434815842,3.8019936482330303,0.0950926893189026,0.13809476446146488,1037735.0160113502,369.6868432375181,14.598825238994563
0.37008339935105244,7.959582036508878,4.130198697926415,0.08790557133765142,0.13413019702515566,1864478.2780918397,397.8427719984714,14.268133298801054
0.36874446078849626,6.57497998366193,4.06899657432188,0.11627258345636893,0.14089077001730602,231125.35991583925,519.5239468573459,11.780358748848615
0.3558007429468558,13.130034160453487,3.9742471511646507,0.11296046445526037,0.14336205357922294,235916.7553494704,505.70270674617063,13.912002374398819
0.3493210352333645,15.063739520960349,4.1799546058259365,0.08687049937698295,0.15046344292892394,3435811.515547411,414.1931968936345,14.413195631203797
0.3639444013883231,15.381890828909548,4.1921195271282485,0.1412435184705742,0.11553030763068163,89769.86749624558,616.5892151044704,14.581718385424201
0.37092846510439,17.39161273791025,4.2140891298633125,0.09967819934265568,0.14552462378539374,1258039.5861839813,512.4419058196049,13.290823014728549
0.32869984253963547,9.53304949638586,4.082646284568255,0.09246968076347761,0.15210060397980557,1748594.3529690688,233.40926776461592,14.946704182807087
0.35962723133280317,11.593112541737167,4.170110196526345,0.09340632880536552,0.12367083247236589,1469926.681371704,879.6659767789546,13.503261989803066
0.3823992364261675,10.190653820485595,3.989068174935548,0.10969596172166152,0.16504312157852574,218733.09803569075,287.40484713235395,14.181654701063918
0.33237733582902795,13.674444012005853,3.8305830770508242,0.08254041445195257,0.12952508332901996,3550671.1070079054,503.47798198401347,14.756648414231348
0.36023516107746445,17.73938988666761,3.9732394894456355,0.08705835013198863,0.17673410660051508,2608220.0790922265,153.0367615819882,14.311929160670177
0.3137317254738324,8.102156738405348,3.7031197353858833,0.13469464163873657,0.1552608977721483,103099.87903058201,287.5552302070199,12.912650399249355
0.3155335414121843,16.66830421298454,3.786165945014458,0.13334616286074738,0.1702953684872919,100065.92176360326,142.66974804943592,13.831206204091
0.3122059658114966,8.589494250176278,3.771707297834089,0.08987851699586058,0.16613393460617892,1573063.1285747734,199.35220648841604,13.140273137755639
0.37328697759738494,13.30105418142099,4.101315427451457,0.098609653633528,0.13353690599923684,1019707.9883852837,969.5597413590585,14.45110708630166
0.34746379694776763,19.37297069059159,3.8143186113376664,0.21142946771923588,0.12050269306735058,13482.021944744676,1260.311381984156,14.759344666530085
0.3683719362229504,5.117609346134522,3.7104379516231867,0.08346332717225363,0.14924305902675455,2359974.8941169465,451.0645276894074,14.592395139030371
0.3522543449665144,19.633570773825472,4.031120582867822,0.08514059297885289,0.16661159142361168,1711152.698454066,187.58105246355964,13.961648037457694
0.35535911844413637,12.649222050320148,4.003700188046594,0.08596127853650046,0.15796777439888207,1998796.525544507,188.38435528331044,14.264872332848329
0.3705553078363607,13.670884714748821,3.9389514688554255,0.10334924235797628,0.16155940921650958,562739.2062913104,353.4368850718192,13.40931213310422
0.36199225889915115,17.952273297050628,3.8223979003469015,0.12542248742130677,0.16928195377685884,107471.69668870063,187.77890422200045,14.729744702466528
0.3560437077126088,19.32502329741069,3.9681144906982775,0.10308061679268296,0.16483183447754599,620705.2680941792,147.76969386989012,14.902690093409433
0.36338395121060946,14.832825882712294,4.389573924221617,0.08747719842205479,0.12802430992752004,2001851.062210413,740.9941999114001,14.810561586071424
0.30865486535204695,8.477116523264563,3.896974099484114,0.1959811991593673,0.16460490222309038,16927.898684662025,163.5186494592749,12.908079164707903
0.3250195967028021,8.611828611761375,3.993413946121076,0.0904207735319193,0.18345940388221915,2940004.663768131,165.01655437745862,14.658425728963895
0.3378874519074525,14.106468555860902,4.115840782229354,0.09147293796469173,0.1754668600559683,1781008.152747073,200.33275585521423,13.806240626477454
0.35587044990400274,9.093071021492005,4.252131284855159,0.08254288636828772,0.12942812611488952,2990470.731169943,801.3885185648378,14.782066786176955
0.3587724235557165,15.233689318600655,3.821004906784653,0.09770689878757838,0.17663439390485308,639108.8160481036,235.24887228892763,14.981756249205702
0.3811130697134489,19.947582851562203,4.238674978703543,0.10362004395676447,0.1177581328209962,563860.2308649268,1764.3737773962766,14.147632788478079
0.35148224619898605,16.212351241326378,4.343414449868742,0.0894934022549578,0.1669760904626348,2135955.9723059777,230.4430492550401,14.377360954402082
0.3564072542363556,8.482627405043928,4.096089720530223,0.08438148741944476,0.15491572776266532,1891993.9928456855,257.17964676573445,13.507372065470406
0.37095824069261246,6.516372750300973,3.830684657127377,0.09152304291910932,0.13694480753580376,1253474.8255326056,768.807711428444,14.526422805399404
0.3638655085833464,15.56911888717073,4.095502280074305,0.0986187308971124,0.12241845305881854,1177101.4346952492,1352.5634297489971,14.079492455352835
0.36824307321639305,8.215697151558535,4.1156402692322445,0.08409061086243028,0.12457937900598766,2044174.2129568625,1146.6664478295902,14.613313111697634
0.3602667516027106,18.955714549526615,4.052348612449753,0.09294340852981776,0.12670082529500326,1462178.6903024397,569.2490771769432,14.230726437241861
0.32986120403203867,4.480770248621672,3.9221188645305634,0.08720699693859033,0.1601798353606222,3364895.9447755315,230.36345913661637,14.431329413407422
0.32004854095784474,6.151682942467307,3.6903371200641732,0.084200318362202,0.15322536969067374,2985405.3867395967,309.6137132168795,13.637916872213129
0.3640339594076236,10.745349694791134,3.88915067667703,0.08676108133805407,0.14510269782396037,2419450.844592125,514.5382020984187,13.153456871783192
0.33071264771833386,19.273087943515574,3.8946105939866866,0.21370486297929264,0.15616881143747247,22625.54978028092,360.8669427529757,14.439198325879339
0.308548595350703,17.4805904577076,3.751239874258017,0.11533185146160689,0.19773741310674614,284896.209514774,135.57901885849978,14.844663343910513
0.3789690992227822,15.619811338441936,4.2256262623856164,0.09279611198552565,0.12983487290431223,801073.7396499971,730.5877045028615,14.043116124011384
0.3764135684056271,17.585607115413023,4.241178476472256,0.09953112742107778,0.18001724430364718,619394.3949182752,212.48418968925577,13.646709336353519
0.3646251085567804,13.392505490444597,3.8928593054727743,0.09870901985748527,0.1583718125511397,1186553.121184715,414.67865250435017,14.707913053613073
0.3258777958698429,6.23523344756303,4.1706520882156335,0.09244776356373037,0.19968063289161797,1922050.5181284065,109.19827151582277,14.837630094073214
0.37919144471839716,6.225609830922301,3.9714341889369686,0.0819495556265941,0.15724594270092296,3592749.17074972,304.3796991478702,13.849213515733144
0.37020665596559077,19.10140742152506,4.186700115788033,0.09424657147775439,0.1502035868460252,1689289.9865644702,386.22616124581697,13.027403004157202
0.3261028968538367,9.480561229623158,3.8896735476250974,0.0844986806644695,0.17085778349896363,3334069.0376838874,139.83209439764906,14.350022042986678
0.33534149629279075,8.05938384546992,3.846468559653108,0.08821905928694025,0.15284982085830312,3525251.4930129494,380.6677576506419,14.3945850446642
0.3540613917516515,5.211727223234741,3.6994565554152574,0.09242105820338171,0.15712556722671417,1157581.8523724482,374.6761482851851,14.502665891606885
0.34359598255540813,5.899329424226681,3.92778320904674,0.0851964438345415,0.15149951547090884,1850533.8238689294,305.70281296114314,13.242695954947157
0.37708292477169114,18.807148576038976,4.160991392524231,0.09631484610570301,0.1378552588519414,1506520.5286408036,652.1026086931903,13.11689617128665
0.37608171365183884,19.561074568268538,4.166936554542074,0.0911604120641191,0.14539887582847005,1128791.7083273064,459.9017940441712,12.681868716143809
0.3718591577092133,18.580663359752855,3.8878110794473018,0.08881787678577877,0.1378359860045422,2211436.5749974535,533.8133337310292,14.721395249199055
0.35580601887246877,5.562891183814395,4.010923543270126,0.11922075941343932,0.19708188679912353,224062.85032941835,129.46289608117422,11.71936704083067
0.37154515474645755,13.142999297512317,3.954026384315582,0.09235019300717838,0.17972895890665647,1862413.7578363942,198.73899284434566,13.79367724292745
0.3774785176589026,4.374009733646844,4.0626407795424155,0.1369910907006361,0.13835706889884913,83829.6326523513,463.7607112966062,12.665236082306427
0.3646761056059544,12.038401865775686,4.10691444327256,0.08093346058736661,0.1312759094116439,3862831.4517300474,609.7962661562678,13.314078892122218
0.3477157463381267,8.860449445381647,3.9293192344669343,0.08080471526185234,0.14434280354192902,3846279.0698297145,336.9163771107718,13.778904670027414
0.36074783129345206,11.852319956399638,4.0593897324327886,0.10978103220665728,0.13766026319101216,471251.8836948643,355.7280038171483,14.718973050352577
0.36159980530132396,8.726750533658386,3.9862781817341872,0.08724169819169243,0.18027522407476776,2790094.196576029,189.47869900850986,12.70321602430811
0.3641905135791948,11.386313050396334,4.1430405411679185,0.08235780808293491,0.12744393371503845,2580488.5679090903,755.659617005751,13.591951972268824
0.37015884385569575,10.952817344162362,4.229302011522661,0.10360208047122113,0.11954985576950343,535312.2192764013,670.3828427544262,14.290991207694624
0.2702797161475511,3.8300142124289893,3.5622613189948487,0.1431306568915559,0.15642396743864442,72343.39273388368,217.09466890569195,14.540752941770759
0.357127004518282,4.718939823922625,4.179152933078766,0.08701807146077008,0.13202228108874314,3515445.4320259322,800.8649064973032,14.051158818420657
0.3756961928596968,19.936938387002087,3.9052425685815573,0.1937973665878019,0.12403439376767127,22165.196247389562,796.8746540776361,13.923542310084619
